{
  "left": {
    "n_vertices": 40962,
    "n_faces": 81920,
    "bounds": {
      "x": [
        -0.43292561173439026,
        0.33979830145835876
      ],
      "y": [
        -0.9134324789047241,
        1.0015891790390015
      ],
      "z": [
        -0.7244023680686951,
        0.6712507605552673
      ]
    }
  },
  "right": {
    "n_vertices": 40962,
    "n_faces": 81920,
    "bounds": {
      "x": [
        -0.3328748941421509,
        0.43910831212997437
      ],
      "y": [
        -0.9256851673126221,
        0.9925483465194702
      ],
      "z": [
        -0.7316139340400696,
        0.6757857799530029
      ]
    }
  }
}